food_item_id,food_item_name,quantity,log_date
88,"Al Pastor Pork",14.00,2023-03-23
88,"Al Pastor Pork",0.00,2023-03-24
88,"Al Pastor Pork",25.00,2023-03-25
88,"Al Pastor Pork",29.00,2023-03-26
88,"Al Pastor Pork",64.00,2023-03-27
4,"American Cheese Sliced",24.00,2023-03-23
4,"American Cheese Sliced",53.00,2023-03-24
4,"American Cheese Sliced",4.00,2023-03-25
4,"American Cheese Sliced",2.00,2023-03-26
4,"American Cheese Sliced",20.00,2023-03-27
83,"Balsamic Garlic Roasted Brussel Sprouts",17.00,2023-03-23
83,"Balsamic Garlic Roasted Brussel Sprouts",104.00,2023-03-24
83,"Balsamic Garlic Roasted Brussel Sprouts",10.00,2023-03-25
83,"Balsamic Garlic Roasted Brussel Sprouts",8.00,2023-03-26
83,"Balsamic Garlic Roasted Brussel Sprouts",31.00,2023-03-27
35,"Banana Chocolate Chip French Toast Casserole",75.00,2023-03-23
35,"Banana Chocolate Chip French Toast Casserole",1.00,2023-03-24
35,"Banana Chocolate Chip French Toast Casserole",1.00,2023-03-25
35,"Banana Chocolate Chip French Toast Casserole",3.00,2023-03-26
35,"Banana Chocolate Chip French Toast Casserole",8.00,2023-03-27
13,"Beef Taco Meat",53.00,2023-03-23
13,"Beef Taco Meat",6.00,2023-03-24
13,"Beef Taco Meat",8.00,2023-03-25
13,"Beef Taco Meat",16.00,2023-03-26
13,"Beef Taco Meat",98.00,2023-03-27
5,"Beef Taquitos",42.00,2023-03-23
5,"Beef Taquitos",28.00,2023-03-24
5,"Beef Taquitos",3.00,2023-03-25
5,"Beef Taquitos",2.00,2023-03-26
5,"Beef Taquitos",69.00,2023-03-27
60,"Black Bean & Roasted Corn Salad",13.00,2023-03-23
60,"Black Bean & Roasted Corn Salad",82.00,2023-03-24
60,"Black Bean & Roasted Corn Salad",10.00,2023-03-25
60,"Black Bean & Roasted Corn Salad",7.00,2023-03-26
60,"Black Bean & Roasted Corn Salad",72.00,2023-03-27
54,"Black Bean Burger",61.00,2023-03-23
54,"Black Bean Burger",100.00,2023-03-24
54,"Black Bean Burger",15.00,2023-03-25
54,"Black Bean Burger",16.00,2023-03-26
54,"Black Bean Burger",21.00,2023-03-27
8,"Brazilian Prawn Coconut Stew",5.00,2023-03-23
8,"Brazilian Prawn Coconut Stew",64.00,2023-03-24
8,"Brazilian Prawn Coconut Stew",3.00,2023-03-25
8,"Brazilian Prawn Coconut Stew",24.00,2023-03-26
8,"Brazilian Prawn Coconut Stew",28.00,2023-03-27
23,"Brick Oven Roasted Parmesan Sage Tomato",40.00,2023-03-23
23,"Brick Oven Roasted Parmesan Sage Tomato",28.00,2023-03-24
23,"Brick Oven Roasted Parmesan Sage Tomato",6.00,2023-03-25
23,"Brick Oven Roasted Parmesan Sage Tomato",10.00,2023-03-26
23,"Brick Oven Roasted Parmesan Sage Tomato",17.00,2023-03-27
42,"Brick Oven Roasted Tunisian Spiced Chicken Legs",9.00,2023-03-23
42,"Brick Oven Roasted Tunisian Spiced Chicken Legs",39.00,2023-03-24
42,"Brick Oven Roasted Tunisian Spiced Chicken Legs",5.00,2023-03-25
42,"Brick Oven Roasted Tunisian Spiced Chicken Legs",22.00,2023-03-26
42,"Brick Oven Roasted Tunisian Spiced Chicken Legs",78.00,2023-03-27
67,"Buffalo Chicken Pizza",66.00,2023-03-23
67,"Buffalo Chicken Pizza",75.00,2023-03-24
67,"Buffalo Chicken Pizza",20.00,2023-03-25
67,"Buffalo Chicken Pizza",0.00,2023-03-26
67,"Buffalo Chicken Pizza",112.00,2023-03-27
71,"Cantonese Chicken & Pickled Mustard Green",82.00,2023-03-23
71,"Cantonese Chicken & Pickled Mustard Green",23.00,2023-03-24
71,"Cantonese Chicken & Pickled Mustard Green",22.00,2023-03-25
71,"Cantonese Chicken & Pickled Mustard Green",11.00,2023-03-26
71,"Cantonese Chicken & Pickled Mustard Green",23.00,2023-03-27
73,"Capicola Ham Mortadella Provolone Sandwich",58.00,2023-03-23
73,"Capicola Ham Mortadella Provolone Sandwich",41.00,2023-03-24
73,"Capicola Ham Mortadella Provolone Sandwich",6.00,2023-03-25
73,"Capicola Ham Mortadella Provolone Sandwich",12.00,2023-03-26
73,"Capicola Ham Mortadella Provolone Sandwich",44.00,2023-03-27
69,"Chesapeake Wild Catfish & Asparagus Lemon Butter Sauce",32.00,2023-03-23
69,"Chesapeake Wild Catfish & Asparagus Lemon Butter Sauce",41.00,2023-03-24
69,"Chesapeake Wild Catfish & Asparagus Lemon Butter Sauce",13.00,2023-03-25
69,"Chesapeake Wild Catfish & Asparagus Lemon Butter Sauce",14.00,2023-03-26
69,"Chesapeake Wild Catfish & Asparagus Lemon Butter Sauce",18.00,2023-03-27
52,"Chicken Sausage Egg Cheese Breakfast Bagel Sandwich",23.00,2023-03-23
52,"Chicken Sausage Egg Cheese Breakfast Bagel Sandwich",19.00,2023-03-24
52,"Chicken Sausage Egg Cheese Breakfast Bagel Sandwich",14.00,2023-03-25
52,"Chicken Sausage Egg Cheese Breakfast Bagel Sandwich",28.00,2023-03-26
52,"Chicken Sausage Egg Cheese Breakfast Bagel Sandwich",17.00,2023-03-27
75,"Chopped Tomato Cucumber Onion Salad with Cumin and Lime",38.00,2023-03-23
75,"Chopped Tomato Cucumber Onion Salad with Cumin and Lime",95.00,2023-03-24
75,"Chopped Tomato Cucumber Onion Salad with Cumin and Lime",0.00,2023-03-25
75,"Chopped Tomato Cucumber Onion Salad with Cumin and Lime",16.00,2023-03-26
75,"Chopped Tomato Cucumber Onion Salad with Cumin and Lime",64.00,2023-03-27
38,"Citrus Cilantro Orange Rice",33.00,2023-03-23
38,"Citrus Cilantro Orange Rice",41.00,2023-03-24
38,"Citrus Cilantro Orange Rice",10.00,2023-03-25
38,"Citrus Cilantro Orange Rice",19.00,2023-03-26
38,"Citrus Cilantro Orange Rice",73.00,2023-03-27
18,"Cranberry Chicken Sausage Breakfast",47.00,2023-03-23
18,"Cranberry Chicken Sausage Breakfast",88.00,2023-03-24
18,"Cranberry Chicken Sausage Breakfast",9.00,2023-03-25
18,"Cranberry Chicken Sausage Breakfast",25.00,2023-03-26
18,"Cranberry Chicken Sausage Breakfast",48.00,2023-03-27
39,"Cremini Mushroom Italian Sausage Quesadilla",36.00,2023-03-23
39,"Cremini Mushroom Italian Sausage Quesadilla",35.00,2023-03-24
39,"Cremini Mushroom Italian Sausage Quesadilla",7.00,2023-03-25
39,"Cremini Mushroom Italian Sausage Quesadilla",15.00,2023-03-26
39,"Cremini Mushroom Italian Sausage Quesadilla",118.00,2023-03-27
20,"Crispy plantain Kale Mango Salad w/ Coconut Lime Dressing",77.00,2023-03-23
20,"Crispy plantain Kale Mango Salad w/ Coconut Lime Dressing",7.00,2023-03-24
20,"Crispy plantain Kale Mango Salad w/ Coconut Lime Dressing",4.00,2023-03-25
20,"Crispy plantain Kale Mango Salad w/ Coconut Lime Dressing",4.00,2023-03-26
20,"Crispy plantain Kale Mango Salad w/ Coconut Lime Dressing",22.00,2023-03-27
55,"Crispy Salt and Vinegar Potatoes",85.00,2023-03-23
55,"Crispy Salt and Vinegar Potatoes",17.00,2023-03-24
55,"Crispy Salt and Vinegar Potatoes",6.00,2023-03-25
55,"Crispy Salt and Vinegar Potatoes",11.00,2023-03-26
55,"Crispy Salt and Vinegar Potatoes",89.00,2023-03-27
48,"Cuban Black Bean and Rice",58.00,2023-03-23
48,"Cuban Black Bean and Rice",49.00,2023-03-24
48,"Cuban Black Bean and Rice",3.00,2023-03-25
48,"Cuban Black Bean and Rice",23.00,2023-03-26
48,"Cuban Black Bean and Rice",82.00,2023-03-27
22,"Djon Djon Haitian Black Mushroom Rice",91.00,2023-03-23
22,"Djon Djon Haitian Black Mushroom Rice",27.00,2023-03-24
22,"Djon Djon Haitian Black Mushroom Rice",10.00,2023-03-25
22,"Djon Djon Haitian Black Mushroom Rice",14.00,2023-03-26
22,"Djon Djon Haitian Black Mushroom Rice",60.00,2023-03-27
12,"Dominican Habichuelas Guisadas Stewed Beans",17.00,2023-03-23
12,"Dominican Habichuelas Guisadas Stewed Beans",6.00,2023-03-24
12,"Dominican Habichuelas Guisadas Stewed Beans",1.00,2023-03-25
12,"Dominican Habichuelas Guisadas Stewed Beans",2.00,2023-03-26
12,"Dominican Habichuelas Guisadas Stewed Beans",97.00,2023-03-27
80,"Filipino Mushroom Adobo",21.00,2023-03-23
80,"Filipino Mushroom Adobo",20.00,2023-03-24
80,"Filipino Mushroom Adobo",7.00,2023-03-25
80,"Filipino Mushroom Adobo",2.00,2023-03-26
80,"Filipino Mushroom Adobo",55.00,2023-03-27
44,"French Toast",9.00,2023-03-23
44,"French Toast",40.00,2023-03-24
44,"French Toast",1.00,2023-03-25
44,"French Toast",0.00,2023-03-26
44,"French Toast",27.00,2023-03-27
25,"Fresh Vegan Basil Cheddar Mashed Potatoes",50.00,2023-03-23
25,"Fresh Vegan Basil Cheddar Mashed Potatoes",21.00,2023-03-24
25,"Fresh Vegan Basil Cheddar Mashed Potatoes",9.00,2023-03-25
25,"Fresh Vegan Basil Cheddar Mashed Potatoes",0.00,2023-03-26
25,"Fresh Vegan Basil Cheddar Mashed Potatoes",60.00,2023-03-27
86,"Fried Pork Chop With Gravy",29.00,2023-03-23
86,"Fried Pork Chop With Gravy",54.00,2023-03-24
86,"Fried Pork Chop With Gravy",7.00,2023-03-25
86,"Fried Pork Chop With Gravy",9.00,2023-03-26
86,"Fried Pork Chop With Gravy",93.00,2023-03-27
6,"Garlic Roasted Cauliflower",67.00,2023-03-23
6,"Garlic Roasted Cauliflower",9.00,2023-03-24
6,"Garlic Roasted Cauliflower",1.00,2023-03-25
6,"Garlic Roasted Cauliflower",17.00,2023-03-26
6,"Garlic Roasted Cauliflower",10.00,2023-03-27
87,"Grilled Chicken w/ Spicy Creole Sauce (purple)",13.00,2023-03-23
87,"Grilled Chicken w/ Spicy Creole Sauce (purple)",18.00,2023-03-24
87,"Grilled Chicken w/ Spicy Creole Sauce (purple)",9.00,2023-03-25
87,"Grilled Chicken w/ Spicy Creole Sauce (purple)",20.00,2023-03-26
87,"Grilled Chicken w/ Spicy Creole Sauce (purple)",25.00,2023-03-27
82,"Grilled Chipotle Lime Chicken",11.00,2023-03-23
82,"Grilled Chipotle Lime Chicken",39.00,2023-03-24
82,"Grilled Chipotle Lime Chicken",8.00,2023-03-25
82,"Grilled Chipotle Lime Chicken",8.00,2023-03-26
82,"Grilled Chipotle Lime Chicken",40.00,2023-03-27
32,"Grilled Corn with Wild Greens Pesto",48.00,2023-03-23
32,"Grilled Corn with Wild Greens Pesto",31.00,2023-03-24
32,"Grilled Corn with Wild Greens Pesto",15.00,2023-03-25
32,"Grilled Corn with Wild Greens Pesto",28.00,2023-03-26
32,"Grilled Corn with Wild Greens Pesto",55.00,2023-03-27
85,"Grilled Lemon Pepper Pork Chop w/ Black Pepper Gravy (purple)",103.00,2023-03-23
85,"Grilled Lemon Pepper Pork Chop w/ Black Pepper Gravy (purple)",58.00,2023-03-24
85,"Grilled Lemon Pepper Pork Chop w/ Black Pepper Gravy (purple)",10.00,2023-03-25
85,"Grilled Lemon Pepper Pork Chop w/ Black Pepper Gravy (purple)",17.00,2023-03-26
85,"Grilled Lemon Pepper Pork Chop w/ Black Pepper Gravy (purple)",97.00,2023-03-27
30,"Grilled Pastrami Burger Swiss",85.00,2023-03-23
30,"Grilled Pastrami Burger Swiss",64.00,2023-03-24
30,"Grilled Pastrami Burger Swiss",0.00,2023-03-25
30,"Grilled Pastrami Burger Swiss",4.00,2023-03-26
30,"Grilled Pastrami Burger Swiss",9.00,2023-03-27
29,"Ham & Havarti Panini",86.00,2023-03-23
29,"Ham & Havarti Panini",44.00,2023-03-24
29,"Ham & Havarti Panini",4.00,2023-03-25
29,"Ham & Havarti Panini",12.00,2023-03-26
29,"Ham & Havarti Panini",44.00,2023-03-27
7,"Hazruquive Hominy Bean Sprouts Corn Stew",49.00,2023-03-23
7,"Hazruquive Hominy Bean Sprouts Corn Stew",45.00,2023-03-24
7,"Hazruquive Hominy Bean Sprouts Corn Stew",7.00,2023-03-25
7,"Hazruquive Hominy Bean Sprouts Corn Stew",13.00,2023-03-26
7,"Hazruquive Hominy Bean Sprouts Corn Stew",46.00,2023-03-27
34,"Herbed Rice Pilaf",21.00,2023-03-23
34,"Herbed Rice Pilaf",32.00,2023-03-24
34,"Herbed Rice Pilaf",5.00,2023-03-25
34,"Herbed Rice Pilaf",13.00,2023-03-26
34,"Herbed Rice Pilaf",92.00,2023-03-27
10,"Indonesian Tofu",3.00,2023-03-23
10,"Indonesian Tofu",72.00,2023-03-24
10,"Indonesian Tofu",0.00,2023-03-25
10,"Indonesian Tofu",0.00,2023-03-26
10,"Indonesian Tofu",29.00,2023-03-27
19,"Italian Herb Crushed Red Pepper Broccoli",61.00,2023-03-23
19,"Italian Herb Crushed Red Pepper Broccoli",54.00,2023-03-24
19,"Italian Herb Crushed Red Pepper Broccoli",1.00,2023-03-25
19,"Italian Herb Crushed Red Pepper Broccoli",12.00,2023-03-26
19,"Italian Herb Crushed Red Pepper Broccoli",0.00,2023-03-27
74,"Italian Sausage Mushroom Penne Gratin",6.00,2023-03-23
74,"Italian Sausage Mushroom Penne Gratin",14.00,2023-03-24
74,"Italian Sausage Mushroom Penne Gratin",6.00,2023-03-25
74,"Italian Sausage Mushroom Penne Gratin",15.00,2023-03-26
74,"Italian Sausage Mushroom Penne Gratin",28.00,2023-03-27
46,"Maizitos con Tocineta Corn al Gratin & Bacon",13.00,2023-03-23
46,"Maizitos con Tocineta Corn al Gratin & Bacon",22.00,2023-03-24
46,"Maizitos con Tocineta Corn al Gratin & Bacon",3.00,2023-03-25
46,"Maizitos con Tocineta Corn al Gratin & Bacon",4.00,2023-03-26
46,"Maizitos con Tocineta Corn al Gratin & Bacon",5.00,2023-03-27
79,"Mango Pineapple Barley Pudding",17.00,2023-03-23
79,"Mango Pineapple Barley Pudding",24.00,2023-03-24
79,"Mango Pineapple Barley Pudding",17.00,2023-03-25
79,"Mango Pineapple Barley Pudding",24.00,2023-03-26
79,"Mango Pineapple Barley Pudding",44.00,2023-03-27
24,"Mango Pineapple Spinach Smoothie",61.00,2023-03-23
24,"Mango Pineapple Spinach Smoothie",15.00,2023-03-24
24,"Mango Pineapple Spinach Smoothie",14.00,2023-03-25
24,"Mango Pineapple Spinach Smoothie",36.00,2023-03-26
24,"Mango Pineapple Spinach Smoothie",74.00,2023-03-27
11,"Maple Roasted Sweet Potatoes",105.00,2023-03-23
11,"Maple Roasted Sweet Potatoes",17.00,2023-03-24
11,"Maple Roasted Sweet Potatoes",24.00,2023-03-25
11,"Maple Roasted Sweet Potatoes",16.00,2023-03-26
11,"Maple Roasted Sweet Potatoes",49.00,2023-03-27
1,"Mashed Cranberry Bean & Coconut milk",23.00,2023-03-23
1,"Mashed Cranberry Bean & Coconut milk",16.00,2023-03-24
1,"Mashed Cranberry Bean & Coconut milk",10.00,2023-03-25
1,"Mashed Cranberry Bean & Coconut milk",7.00,2023-03-26
1,"Mashed Cranberry Bean & Coconut milk",63.00,2023-03-27
61,"Mesa Squash Fry with Sunflower Seeds",16.00,2023-03-23
61,"Mesa Squash Fry with Sunflower Seeds",69.00,2023-03-24
61,"Mesa Squash Fry with Sunflower Seeds",4.00,2023-03-25
61,"Mesa Squash Fry with Sunflower Seeds",27.00,2023-03-26
61,"Mesa Squash Fry with Sunflower Seeds",115.00,2023-03-27
36,"Mini Cinnamon Bun",102.00,2023-03-23
36,"Mini Cinnamon Bun",2.00,2023-03-24
36,"Mini Cinnamon Bun",16.00,2023-03-25
36,"Mini Cinnamon Bun",14.00,2023-03-26
36,"Mini Cinnamon Bun",63.00,2023-03-27
14,"Moroccan Lentils with Cucumber and Tomatoes",97.00,2023-03-23
14,"Moroccan Lentils with Cucumber and Tomatoes",13.00,2023-03-24
14,"Moroccan Lentils with Cucumber and Tomatoes",18.00,2023-03-25
14,"Moroccan Lentils with Cucumber and Tomatoes",16.00,2023-03-26
14,"Moroccan Lentils with Cucumber and Tomatoes",7.00,2023-03-27
81,"Mushroom Spinach Marinara (purple)",132.00,2023-03-23
81,"Mushroom Spinach Marinara (purple)",48.00,2023-03-24
81,"Mushroom Spinach Marinara (purple)",3.00,2023-03-25
81,"Mushroom Spinach Marinara (purple)",16.00,2023-03-26
81,"Mushroom Spinach Marinara (purple)",100.00,2023-03-27
3,"Nashville Hot Fried Chicken with creamy cole slaw Pickles",30.00,2023-03-23
3,"Nashville Hot Fried Chicken with creamy cole slaw Pickles",62.00,2023-03-24
3,"Nashville Hot Fried Chicken with creamy cole slaw Pickles",5.00,2023-03-25
3,"Nashville Hot Fried Chicken with creamy cole slaw Pickles",15.00,2023-03-26
3,"Nashville Hot Fried Chicken with creamy cole slaw Pickles",118.00,2023-03-27
26,"Pasta al Forna Bolognese",50.00,2023-03-23
26,"Pasta al Forna Bolognese",8.00,2023-03-24
26,"Pasta al Forna Bolognese",12.00,2023-03-25
26,"Pasta al Forna Bolognese",0.00,2023-03-26
26,"Pasta al Forna Bolognese",49.00,2023-03-27
43,"Penne al Vodka Pizza",63.00,2023-03-23
43,"Penne al Vodka Pizza",30.00,2023-03-24
43,"Penne al Vodka Pizza",4.00,2023-03-25
43,"Penne al Vodka Pizza",32.00,2023-03-26
43,"Penne al Vodka Pizza",3.00,2023-03-27
58,"Pepperoni Pizza Quesadilla",59.00,2023-03-23
58,"Pepperoni Pizza Quesadilla",46.00,2023-03-24
58,"Pepperoni Pizza Quesadilla",19.00,2023-03-25
58,"Pepperoni Pizza Quesadilla",27.00,2023-03-26
58,"Pepperoni Pizza Quesadilla",41.00,2023-03-27
65,"Peruvian Roasted Chicken Pollo la Barsa",53.00,2023-03-23
65,"Peruvian Roasted Chicken Pollo la Barsa",66.00,2023-03-24
65,"Peruvian Roasted Chicken Pollo la Barsa",1.00,2023-03-25
65,"Peruvian Roasted Chicken Pollo la Barsa",0.00,2023-03-26
65,"Peruvian Roasted Chicken Pollo la Barsa",4.00,2023-03-27
70,"Philly Cheese Steak Pizza",13.00,2023-03-23
70,"Philly Cheese Steak Pizza",37.00,2023-03-24
70,"Philly Cheese Steak Pizza",26.00,2023-03-25
70,"Philly Cheese Steak Pizza",3.00,2023-03-26
70,"Philly Cheese Steak Pizza",37.00,2023-03-27
89,"Puerto Rican Kidney Beans",49.00,2023-03-23
89,"Puerto Rican Kidney Beans",40.00,2023-03-24
89,"Puerto Rican Kidney Beans",12.00,2023-03-25
89,"Puerto Rican Kidney Beans",25.00,2023-03-26
89,"Puerto Rican Kidney Beans",12.00,2023-03-27
21,"Pullman Wheat Bread Sliced",15.00,2023-03-23
21,"Pullman Wheat Bread Sliced",17.00,2023-03-24
21,"Pullman Wheat Bread Sliced",11.00,2023-03-25
21,"Pullman Wheat Bread Sliced",13.00,2023-03-26
21,"Pullman Wheat Bread Sliced",90.00,2023-03-27
53,"Red Pork Tamale Cassarole",0.00,2023-03-23
53,"Red Pork Tamale Cassarole",8.00,2023-03-24
53,"Red Pork Tamale Cassarole",0.00,2023-03-25
53,"Red Pork Tamale Cassarole",0.00,2023-03-26
53,"Red Pork Tamale Cassarole",20.00,2023-03-27
56,"Ripe Plantain Casserole",4.00,2023-03-23
56,"Ripe Plantain Casserole",58.00,2023-03-24
56,"Ripe Plantain Casserole",11.00,2023-03-25
56,"Ripe Plantain Casserole",5.00,2023-03-26
56,"Ripe Plantain Casserole",45.00,2023-03-27
63,"Roasted Beets and Sweet Potatoes",98.00,2023-03-23
63,"Roasted Beets and Sweet Potatoes",83.00,2023-03-24
63,"Roasted Beets and Sweet Potatoes",12.00,2023-03-25
63,"Roasted Beets and Sweet Potatoes",9.00,2023-03-26
63,"Roasted Beets and Sweet Potatoes",95.00,2023-03-27
59,"Roasted Chick Peas, Sweet Potatoes and Peppers",27.00,2023-03-23
59,"Roasted Chick Peas, Sweet Potatoes and Peppers",19.00,2023-03-24
59,"Roasted Chick Peas, Sweet Potatoes and Peppers",12.00,2023-03-25
59,"Roasted Chick Peas, Sweet Potatoes and Peppers",1.00,2023-03-26
59,"Roasted Chick Peas, Sweet Potatoes and Peppers",34.00,2023-03-27
76,"Roasted Indian Street Corn and Tomatoes",36.00,2023-03-23
76,"Roasted Indian Street Corn and Tomatoes",40.00,2023-03-24
76,"Roasted Indian Street Corn and Tomatoes",7.00,2023-03-25
76,"Roasted Indian Street Corn and Tomatoes",11.00,2023-03-26
76,"Roasted Indian Street Corn and Tomatoes",17.00,2023-03-27
45,"Roasted Lemon Pepper Green Beans",46.00,2023-03-23
45,"Roasted Lemon Pepper Green Beans",32.00,2023-03-24
45,"Roasted Lemon Pepper Green Beans",11.00,2023-03-25
45,"Roasted Lemon Pepper Green Beans",25.00,2023-03-26
45,"Roasted Lemon Pepper Green Beans",127.00,2023-03-27
28,"Roasted Potato Bacon Salad with Dijon Vinaigrette",23.00,2023-03-23
28,"Roasted Potato Bacon Salad with Dijon Vinaigrette",83.00,2023-03-24
28,"Roasted Potato Bacon Salad with Dijon Vinaigrette",12.00,2023-03-25
28,"Roasted Potato Bacon Salad with Dijon Vinaigrette",16.00,2023-03-26
28,"Roasted Potato Bacon Salad with Dijon Vinaigrette",30.00,2023-03-27
49,"Roasted Turkey Breast",71.00,2023-03-23
49,"Roasted Turkey Breast",22.00,2023-03-24
49,"Roasted Turkey Breast",2.00,2023-03-25
49,"Roasted Turkey Breast",23.00,2023-03-26
49,"Roasted Turkey Breast",37.00,2023-03-27
31,"Roasted Yellow Squash and Peas",4.00,2023-03-23
31,"Roasted Yellow Squash and Peas",49.00,2023-03-24
31,"Roasted Yellow Squash and Peas",27.00,2023-03-25
31,"Roasted Yellow Squash and Peas",12.00,2023-03-26
31,"Roasted Yellow Squash and Peas",45.00,2023-03-27
40,"Root Vegetables Mustard Seed Vinaigrette",23.00,2023-03-23
40,"Root Vegetables Mustard Seed Vinaigrette",1.00,2023-03-24
40,"Root Vegetables Mustard Seed Vinaigrette",7.00,2023-03-25
40,"Root Vegetables Mustard Seed Vinaigrette",35.00,2023-03-26
40,"Root Vegetables Mustard Seed Vinaigrette",22.00,2023-03-27
50,"Rosemary Onion Roasted Button Mushrooms",54.00,2023-03-23
50,"Rosemary Onion Roasted Button Mushrooms",36.00,2023-03-24
50,"Rosemary Onion Roasted Button Mushrooms",17.00,2023-03-25
50,"Rosemary Onion Roasted Button Mushrooms",22.00,2023-03-26
50,"Rosemary Onion Roasted Button Mushrooms",81.00,2023-03-27
77,"Scrambled Eggs Tomato Pepper Jack Cheese",21.00,2023-03-23
77,"Scrambled Eggs Tomato Pepper Jack Cheese",16.00,2023-03-24
77,"Scrambled Eggs Tomato Pepper Jack Cheese",13.00,2023-03-25
77,"Scrambled Eggs Tomato Pepper Jack Cheese",8.00,2023-03-26
77,"Scrambled Eggs Tomato Pepper Jack Cheese",0.00,2023-03-27
78,"Southwestern Vegetable Hash",71.00,2023-03-23
78,"Southwestern Vegetable Hash",1.00,2023-03-24
78,"Southwestern Vegetable Hash",12.00,2023-03-25
78,"Southwestern Vegetable Hash",3.00,2023-03-26
78,"Southwestern Vegetable Hash",74.00,2023-03-27
27,"Spicy Hunan Steamed Tofu",59.00,2023-03-23
27,"Spicy Hunan Steamed Tofu",25.00,2023-03-24
27,"Spicy Hunan Steamed Tofu",1.00,2023-03-25
27,"Spicy Hunan Steamed Tofu",2.00,2023-03-26
27,"Spicy Hunan Steamed Tofu",29.00,2023-03-27
84,"Spicy Pan Fried Noodles",96.00,2023-03-23
84,"Spicy Pan Fried Noodles",80.00,2023-03-24
84,"Spicy Pan Fried Noodles",27.00,2023-03-25
84,"Spicy Pan Fried Noodles",12.00,2023-03-26
84,"Spicy Pan Fried Noodles",57.00,2023-03-27
66,"Spicy Sesame Ginger Bok Choy with Bean Sprouts and Carrots",13.00,2023-03-23
66,"Spicy Sesame Ginger Bok Choy with Bean Sprouts and Carrots",43.00,2023-03-24
66,"Spicy Sesame Ginger Bok Choy with Bean Sprouts and Carrots",5.00,2023-03-25
66,"Spicy Sesame Ginger Bok Choy with Bean Sprouts and Carrots",37.00,2023-03-26
66,"Spicy Sesame Ginger Bok Choy with Bean Sprouts and Carrots",108.00,2023-03-27
2,"Stewed Chicken with Golden tomatoes",64.00,2023-03-23
2,"Stewed Chicken with Golden tomatoes",16.00,2023-03-24
2,"Stewed Chicken with Golden tomatoes",6.00,2023-03-25
2,"Stewed Chicken with Golden tomatoes",21.00,2023-03-26
2,"Stewed Chicken with Golden tomatoes",90.00,2023-03-27
64,"Sticky Orange Cauliflower",72.00,2023-03-23
64,"Sticky Orange Cauliflower",3.00,2023-03-24
64,"Sticky Orange Cauliflower",10.00,2023-03-25
64,"Sticky Orange Cauliflower",16.00,2023-03-26
64,"Sticky Orange Cauliflower",20.00,2023-03-27
41,"Summer Peach Crisp",33.00,2023-03-23
41,"Summer Peach Crisp",37.00,2023-03-24
41,"Summer Peach Crisp",14.00,2023-03-25
41,"Summer Peach Crisp",17.00,2023-03-26
41,"Summer Peach Crisp",54.00,2023-03-27
57,"Sweet and Sour Tempura Chicken",57.00,2023-03-23
57,"Sweet and Sour Tempura Chicken",73.00,2023-03-24
57,"Sweet and Sour Tempura Chicken",7.00,2023-03-25
57,"Sweet and Sour Tempura Chicken",10.00,2023-03-26
57,"Sweet and Sour Tempura Chicken",17.00,2023-03-27
68,"Tempura Mushrooms",38.00,2023-03-23
68,"Tempura Mushrooms",28.00,2023-03-24
68,"Tempura Mushrooms",5.00,2023-03-25
68,"Tempura Mushrooms",3.00,2023-03-26
68,"Tempura Mushrooms",90.00,2023-03-27
15,"TOMATO MOZZ PANINI ON SOURDOUGH WITH FRESH BASIL",41.00,2023-03-23
15,"TOMATO MOZZ PANINI ON SOURDOUGH WITH FRESH BASIL",24.00,2023-03-24
15,"TOMATO MOZZ PANINI ON SOURDOUGH WITH FRESH BASIL",18.00,2023-03-25
15,"TOMATO MOZZ PANINI ON SOURDOUGH WITH FRESH BASIL",16.00,2023-03-26
15,"TOMATO MOZZ PANINI ON SOURDOUGH WITH FRESH BASIL",11.00,2023-03-27
72,"Tomatoes and Okra",17.00,2023-03-23
72,"Tomatoes and Okra",15.00,2023-03-24
72,"Tomatoes and Okra",0.00,2023-03-25
72,"Tomatoes and Okra",25.00,2023-03-26
72,"Tomatoes and Okra",27.00,2023-03-27
16,"Trinidaddian Coo Coo",59.00,2023-03-23
16,"Trinidaddian Coo Coo",26.00,2023-03-24
16,"Trinidaddian Coo Coo",3.00,2023-03-25
16,"Trinidaddian Coo Coo",33.00,2023-03-26
16,"Trinidaddian Coo Coo",3.00,2023-03-27
51,"Tuna Salad",59.00,2023-03-23
51,"Tuna Salad",88.00,2023-03-24
51,"Tuna Salad",1.00,2023-03-25
51,"Tuna Salad",14.00,2023-03-26
51,"Tuna Salad",60.00,2023-03-27
37,"Vegan Banana Pancake (purple)",52.00,2023-03-23
37,"Vegan Banana Pancake (purple)",47.00,2023-03-24
37,"Vegan Banana Pancake (purple)",16.00,2023-03-25
37,"Vegan Banana Pancake (purple)",14.00,2023-03-26
37,"Vegan Banana Pancake (purple)",62.00,2023-03-27
47,"Vegan Breakfast Sausage",84.00,2023-03-23
47,"Vegan Breakfast Sausage",78.00,2023-03-24
47,"Vegan Breakfast Sausage",22.00,2023-03-25
47,"Vegan Breakfast Sausage",25.00,2023-03-26
47,"Vegan Breakfast Sausage",129.00,2023-03-27
62,"Vegan General Tsos Chicken",28.00,2023-03-23
62,"Vegan General Tsos Chicken",36.00,2023-03-24
62,"Vegan General Tsos Chicken",1.00,2023-03-25
62,"Vegan General Tsos Chicken",5.00,2023-03-26
62,"Vegan General Tsos Chicken",49.00,2023-03-27
17,"Wild Rice and Corn Fritters",132.00,2023-03-23
17,"Wild Rice and Corn Fritters",2.00,2023-03-24
17,"Wild Rice and Corn Fritters",24.00,2023-03-25
17,"Wild Rice and Corn Fritters",27.00,2023-03-26
17,"Wild Rice and Corn Fritters",84.00,2023-03-27
9,"Yogurt Apple Orange Smoothie",30.00,2023-03-23
9,"Yogurt Apple Orange Smoothie",5.00,2023-03-24
9,"Yogurt Apple Orange Smoothie",5.00,2023-03-25
9,"Yogurt Apple Orange Smoothie",2.00,2023-03-26
9,"Yogurt Apple Orange Smoothie",47.00,2023-03-27
33,"Zha Jiang Mian Bejing Fried Sauce Noodles",16.00,2023-03-23
33,"Zha Jiang Mian Bejing Fried Sauce Noodles",6.00,2023-03-24
33,"Zha Jiang Mian Bejing Fried Sauce Noodles",3.00,2023-03-25
33,"Zha Jiang Mian Bejing Fried Sauce Noodles",9.00,2023-03-26
33,"Zha Jiang Mian Bejing Fried Sauce Noodles",84.00,2023-03-27
